<?xml version="1.0" encoding="utf-8" standalone="yes" ?>
<rss version="2.0" xmlns:atom="http://www.w3.org/2005/Atom">
  <channel>
    <title>Tags on The Web Development Beginner Tutorial</title>
    <link>https://www.nodebeginner.org/web-development-beginner-tutorial/tags/</link>
    <description>Recent content in Tags on The Web Development Beginner Tutorial</description>
    <generator>Hugo -- gohugo.io</generator>
    <language>en-us</language>
    
	<atom:link href="https://www.nodebeginner.org/web-development-beginner-tutorial/tags/index.xml" rel="self" type="application/rss+xml" />
    
    
  </channel>
</rss>